,code,2nd_code,std_price,name
0,A000020,1,15350,동화약품
1,A000040,1,1070,KR모터스
2,A000050,1,13750,경방
3,A000060,1,30600,메리츠화재
4,A000070,1,125000,삼양홀딩스
5,A000075,1,73900,삼양홀딩스우
6,A000080,1,34700,하이트진로
7,A000087,1,21200,하이트진로2우B
8,A000100,1,64800,유한양행
9,A000105,1,60100,유한양행우
10,A000120,1,168000,CJ대한통운
11,A000140,1,14600,하이트진로홀딩스
12,A000145,1,17700,하이트진로홀딩스우
13,A000150,1,102000,두산
14,A000155,1,70300,두산우
15,A000157,1,128500,두산2우B
16,A000180,1,2745,성창기업지주
17,A000210,1,73500,DL
18,A000215,1,44350,DL우
19,A000220,1,8290,유유제약
20,A000225,1,10600,유유제약1우
21,A000227,1,24400,유유제약2우B
22,A000230,1,13150,일동홀딩스
23,A000240,1,16800,한국앤컴퍼니
24,A000270,1,84500,기아
25,A000300,1,1460,대유플러스
26,A000320,1,13050,노루홀딩스
27,A000325,1,48100,노루홀딩스우
28,A000370,1,4395,한화손해보험
29,A000390,1,10750,삼화페인트
30,A000400,1,1850,롯데손해보험
31,A000430,1,4240,대원강업
32,A000480,1,90400,조선내화
33,A000490,1,11150,대동
34,A000500,1,29300,가온전선
35,A000520,1,9130,삼일제약
36,A000540,1,3950,흥국화재
37,A000545,1,9330,흥국화재우
38,A000547,1,29350,흥국화재2우B
39,A000590,1,63900,CS홀딩스
40,A000640,1,119000,동아쏘시오홀딩스
41,A000650,1,69700,천일고속
42,A000660,1,104000,SK하이닉스
43,A000670,1,718000,영풍
44,A000680,1,4080,LS네트웍스
45,A000700,1,6080,유수홀딩스
46,A000720,1,55700,현대건설
47,A000725,1,185500,현대건설우
48,A000760,1,18100,이화산업
49,A000810,1,227000,삼성화재
50,A000815,1,172500,삼성화재우
51,A000850,1,38200,화천기공
52,A000860,1,27150,강남제비스코
53,A000880,1,35300,한화
54,A000885,1,42900,한화우
55,A00088K,1,16800,한화3우B
56,A000890,1,1020,보해양조
57,A000910,1,6570,유니온
58,A000950,1,44100,전방
59,A000970,1,10750,한국주철관
60,A000990,1,56700,DB하이텍
61,A000995,1,106000,DB하이텍1우
62,A001020,1,2500,페이퍼코리아
63,A001040,1,103000,CJ
64,A001045,1,62400,CJ우
65,A00104K,1,82500,CJ4우(전환)
66,A001060,1,26500,JW중외제약
67,A001065,1,35900,JW중외제약우
68,A001067,1,59300,JW중외제약2우B
69,A001070,1,43900,대한방직
70,A001080,1,22600,만호제강
71,A001120,1,30800,LX인터내셔널
72,A001130,1,167500,대한제분
73,A001140,1,1410,국보
74,A001200,1,3985,유진투자증권
75,A001210,1,3685,금호전기
76,A001230,1,20500,동국제강
77,A001250,1,2650,GS글로벌
78,A001260,1,14600,남광토건
79,A001270,1,24900,부국증권
80,A001275,1,22900,부국증권우
81,A001290,1,1275,상상인증권
82,A001340,1,5940,백광산업
83,A001360,1,7050,삼성제약
84,A001380,1,2460,SG글로벌
85,A001390,1,33300,KG케미칼
86,A001420,1,5230,태원물산
87,A001430,1,29700,세아베스틸
88,A001440,1,2705,대한전선
89,A001450,1,24900,현대해상
90,A001460,1,453000,BYC
91,A001465,1,180500,BYC우
92,A001470,1,2885,삼부토건
93,A001500,1,12700,현대차증권
94,A001510,1,917,SK증권
95,A001515,1,4325,SK증권우
96,A001520,1,1630,동양
97,A001525,1,8650,동양우
98,A001527,1,16200,동양2우B
99,A001529,1,38800,동양3우B
100,A001530,1,334500,DI동일
101,A001550,1,24750,조비
102,A001560,1,8640,제일연마
103,A001570,1,4955,금양
104,A001620,1,1345,케이비아이동국실업
105,A001630,1,90400,종근당홀딩스
106,A001680,1,25000,대상
107,A001685,1,18950,대상우
108,A001720,1,62200,신영증권
109,A001725,1,63500,신영증권우
110,A001740,1,5450,SK네트웍스
111,A001745,1,102500,SK네트웍스우
112,A001750,1,18550,한양증권
113,A001755,1,22550,한양증권우
114,A001770,1,29600,SHD
115,A001780,1,4435,알루코
116,A001790,1,3310,대한제당
117,A001795,1,3620,대한제당우
118,A001800,1,17200,오리온홀딩스
119,A001820,1,62800,삼화콘덴서
120,A001880,1,32500,DL건설
121,A001940,1,21900,KISCO홀딩스
122,A002020,1,42850,코오롱
123,A002025,1,24200,코오롱우
124,A002030,1,148000,아세아
125,A002070,1,3320,비비안
126,A002100,1,13750,경농
127,A002140,1,3500,고려산업
128,A002150,1,8150,도화엔지니어링
129,A002170,1,66700,삼양통상
130,A002200,1,27550,한국수출포장
131,A002210,1,10600,동성제약
132,A002220,1,3445,한일철강
133,A002240,1,31550,고려제강
134,A002270,1,422500,롯데푸드
135,A002310,1,48350,아세아제지
136,A002320,1,38650,한진
137,A002350,1,8080,넥센타이어
138,A002355,1,3640,넥센타이어1우B
139,A002360,1,1080,SH에너지화학
140,A002380,1,458000,KCC
141,A002390,1,26150,한독
142,A002410,1,9220,범양건영
143,A002420,1,6160,세기상사
144,A002450,1,1915,삼익악기
145,A002460,1,15500,화성산업
146,A002600,1,198000,조흥
147,A002620,1,19550,제일파마홀딩스
148,A002630,1,1385,오리엔트바이오
149,A002690,1,4600,동일제강
150,A002700,1,1875,신일전자
151,A002710,1,9190,TCC스틸
152,A002720,1,7110,국제약품
153,A002760,1,2410,보락
154,A002780,1,2340,진흥기업
155,A002785,1,6510,진흥기업우B
156,A002787,1,16000,진흥기업2우B
157,A002790,1,52600,아모레G
158,A002795,1,20700,아모레G우
159,A00279K,1,39250,아모레G3우(전환)
160,A002810,1,15500,삼영무역
161,A002820,1,5710,SUN&L
162,A002840,1,217000,미원상사
163,A002870,1,2680,신풍제지
164,A002880,1,1325,대유에이텍
165,A002900,1,2300,TYM
166,A002920,1,3745,유성기업
167,A002960,1,270500,한국쉘석유
168,A002990,1,13300,금호건설
169,A002995,1,35150,금호건설우
170,A003000,1,21200,부광약품
171,A003010,1,6030,혜인
172,A003030,1,143000,세아제강지주
173,A003060,1,1125,에이프로젠제약
174,A003070,1,28200,코오롱글로벌
175,A003075,1,35400,코오롱글로벌우
176,A003080,1,4145,성보화학
177,A003090,1,34900,대웅
178,A003120,1,80200,일성신약
179,A003160,1,8190,디아이
180,A003200,1,128500,일신방직
181,A003220,1,18000,대원제약
182,A003230,1,81600,삼양식품
183,A003240,1,1224000,태광산업
184,A003280,1,2625,흥아해운
185,A003300,1,14400,한일홀딩스
186,A003350,1,29950,한국화장품제조
187,A003410,1,8460,쌍용C&E
188,A003460,1,2720,유화증권
189,A003465,1,2750,유화증권우
190,A003470,1,4295,유안타증권
191,A003475,1,4300,유안타증권우
192,A003480,1,4890,한진중공업홀딩스
193,A003490,1,32100,대한항공
194,A003495,1,40000,대한항공우
195,A003520,1,5370,영진약품
196,A003530,1,4900,한화투자증권
197,A003535,1,13650,한화투자증권우
198,A003540,1,21800,대신증권
199,A003545,1,19150,대신증권우
200,A003547,1,18700,대신증권2우B
201,A003550,1,94800,LG
202,A003555,1,69900,LG우
203,A003560,1,1590,IHQ
204,A003570,1,10100,SNT중공업
205,A003580,1,31850,넥스트사이언스
206,A003610,1,2735,방림
207,A003620,1,2770,쌍용차
208,A003650,1,81000,미창석유
209,A003670,1,163000,포스코케미칼
210,A003680,1,7550,한성기업
211,A003690,1,9470,코리안리
212,A003720,1,3375,삼영화학
213,A003780,1,6080,진양산업
214,A003830,1,144500,대한화섬
215,A003850,1,16800,보령제약
216,A003920,1,475000,남양유업
217,A003925,1,236000,남양유업우
218,A003960,1,30900,사조대림
219,A004000,1,91300,롯데정밀화학
220,A004020,1,51600,현대제철
221,A004060,1,751,SG세계물산
222,A004080,1,17250,신흥
223,A004090,1,14250,한국석유
224,A004100,1,2180,태양금속
225,A004105,1,3800,태양금속우
226,A004140,1,5020,동방
227,A004150,1,4085,한솔홀딩스
228,A004170,1,271500,신세계
229,A004250,1,7500,NPC
230,A004255,1,3445,NPC우
231,A004270,1,3175,남성
232,A004310,1,5980,현대약품
233,A004360,1,13750,세방
234,A004365,1,7720,세방우
235,A004370,1,293000,농심
236,A004380,1,12350,삼익THK
237,A004410,1,361,서울식품
238,A004415,1,4850,서울식품우
239,A004430,1,20100,송원산업
240,A004440,1,12150,삼일씨엔에스
241,A004450,1,44000,삼화왕관
242,A004490,1,90300,세방전지
243,A004540,1,5030,깨끗한나라
244,A004545,1,24500,깨끗한나라우
245,A004560,1,19550,현대비앤지스틸
246,A004565,1,85000,현대비앤지스틸우
247,A004690,1,94800,삼천리
248,A004700,1,58500,조광피혁
249,A004710,1,7370,한솔테크닉스
250,A004720,1,9760,팜젠사이언스
251,A004770,1,3425,써니전자
252,A004800,1,124500,효성
253,A004830,1,16100,덕성
254,A004835,1,20850,덕성우
255,A004840,1,6590,DRB동일
256,A004870,1,1320,티웨이홀딩스
257,A004890,1,117500,동일산업
258,A004910,1,8300,조광페인트
259,A004920,1,980,씨아이테크
260,A004960,1,22400,한신공영
261,A004970,1,12650,신라교역
262,A004980,1,11150,성신양회
263,A004985,1,15400,성신양회우
264,A004990,1,35000,롯데지주
265,A00499K,1,54400,롯데지주우
266,A005010,1,18950,휴스틸
267,A005030,1,723,부산주공
268,A005070,1,47300,코스모신소재
269,A005090,1,51400,SGC에너지
270,A005110,1,1240,한창
271,A005180,1,56500,빙그레
272,A005250,1,32650,녹십자홀딩스
273,A005257,1,76000,녹십자홀딩스2우
274,A005300,1,151500,롯데칠성
275,A005305,1,76300,롯데칠성우
276,A005320,1,2710,국동
277,A005360,1,5010,모나미
278,A005380,1,208000,현대차
279,A005385,1,102500,현대차우
280,A005387,1,99800,현대차2우B
281,A005389,1,94300,현대차3우B
282,A005390,1,3810,신성통상
283,A005420,1,19150,코스모화학
284,A005430,1,49400,한국공항
285,A005440,1,9750,현대그린푸드
286,A005490,1,364500,POSCO
287,A005500,1,25800,삼진제약
288,A005610,1,80500,SPC삼립
289,A005680,1,13050,삼영전자
290,A005690,1,15300,파미셀
291,A005720,1,5040,넥센
292,A005725,1,3750,넥센우
293,A005740,1,9300,크라운해태홀딩스
294,A005745,1,15250,크라운해태홀딩스우
295,A005750,1,8030,대림B&Co
296,A005800,1,122500,신영와코루
297,A005810,1,31150,풍산홀딩스
298,A005820,1,22600,원림
299,A005830,1,61400,DB손해보험
300,A005850,1,27800,에스엘
301,A005870,1,8440,휴니드
302,A005880,1,2990,대한해운
303,A005930,1,76100,삼성전자
304,A005935,1,71500,삼성전자우
305,A005940,1,13250,NH투자증권
306,A005945,1,12450,NH투자증권우
307,A005950,1,15350,이수화학
308,A005960,1,14500,동부건설
309,A005965,1,51300,동부건설우
310,A006040,1,240000,동원산업
311,A006060,1,7110,화승인더
312,A006090,1,11000,사조오양
313,A006110,1,33550,삼아알미늄
314,A006120,1,51000,SK디스커버리
315,A006125,1,42850,SK디스커버리우
316,A006200,1,1445,한국전자홀딩스
317,A006220,1,6440,제주은행
318,A006260,1,68500,LS
319,A006280,1,365000,녹십자
320,A006340,1,2095,대원전선
321,A006345,1,3715,대원전선우
322,A006360,1,46100,GS건설
323,A006370,1,11550,대구백화점
324,A006380,1,4910,카프로
325,A006390,1,33600,한일현대시멘트
326,A006400,1,725000,삼성SDI
327,A006405,1,404000,삼성SDI우
328,A006490,1,6020,인스코비
329,A006570,1,3850,대림통상
330,A006650,1,251000,대한유화
331,A006660,1,20900,삼성공조
332,A006740,1,7200,영풍제지
333,A006800,1,8680,미래에셋증권
334,A006805,1,5960,미래에셋증권우
335,A00680K,1,4630,미래에셋증권2우B
336,A006840,1,27250,AK홀딩스
337,A006880,1,5590,신송홀딩스
338,A006890,1,16500,태경케미컬
339,A006980,1,31550,우성사료
340,A007070,1,34000,GS리테일
341,A007110,1,2565,일신석재
342,A007120,1,574,미래아이앤지
343,A007160,1,53000,사조산업
344,A007210,1,4295,벽산
345,A007280,1,3635,한국특강
346,A007310,1,506000,오뚜기
347,A007340,1,47250,디티알오토모티브
348,A007460,1,2110,에이프로젠 MED
349,A007540,1,46350,샘표
350,A007570,1,32800,일양약품
351,A007575,1,32400,일양약품우
352,A007590,1,7620,동방아그로
353,A007610,1,3720,선도전기
354,A007630,1,1225,폴루스바이오팜
355,A007660,1,4060,이수페타시스
356,A007690,1,84200,국도화학
357,A007700,1,36300,F&F홀딩스
358,A007810,1,14150,코리아써키트
359,A007815,1,7230,코리아써우
360,A00781K,1,8960,코리아써키트2우B
361,A007860,1,12000,서연
362,A007980,1,2600,태평양물산
363,A008040,1,1290,사조동아원
364,A008060,1,7370,대덕
365,A00806K,1,10250,대덕1우
366,A008110,1,8070,대동전자
367,A008250,1,14450,이건산업
368,A008260,1,4585,NI스틸
369,A008350,1,3880,남선알미늄
370,A008355,1,36850,남선알미우
371,A008420,1,4835,문배철강
372,A008490,1,54400,서흥
373,A008500,1,20700,일정실업
374,A008560,1,5260,메리츠증권
375,A008600,1,2375,윌비스
376,A008700,1,2575,아남전자
377,A008730,1,22650,율촌화학
378,A008770,1,88700,호텔신라
379,A008775,1,91200,호텔신라우
380,A008870,1,71900,금비
381,A008930,1,70100,한미사이언스
382,A008970,1,1475,동양철관
383,A009070,1,6670,KCTC
384,A009140,1,27500,경인전자
385,A009150,1,179500,삼성전기
386,A009155,1,99300,삼성전기우
387,A009160,1,8120,SIMPAC
388,A009180,1,4580,한솔로지스틱스
389,A009190,1,5470,대양금속
390,A009200,1,2890,무림페이퍼
391,A009240,1,121500,한샘
392,A009270,1,2275,신원
393,A009275,1,46300,신원우
394,A009290,1,8300,광동제약
395,A009310,1,1415,참엔지니어링
396,A009320,1,2410,대우부품
397,A009410,1,11900,태영건설
398,A009415,1,14250,태영건설우
399,A009420,1,23500,한올바이오파마
400,A009440,1,5870,KC그린홀딩스
401,A009450,1,66500,경동나비엔
402,A009460,1,2230,한창제지
403,A009470,1,32400,삼화전기
404,A009540,1,118500,한국조선해양
405,A009580,1,4600,무림P&P
406,A009680,1,11450,모토닉
407,A009770,1,32700,삼정펄프
408,A009810,1,1445,엔케이물산
409,A009830,1,42200,한화솔루션
410,A009835,1,47700,한화솔루션우
411,A009900,1,29350,명신산업
412,A009970,1,48000,영원무역홀딩스
413,A010040,1,4285,한국내화
414,A010050,1,912,우리종금
415,A010060,1,146000,OCI
416,A010100,1,3030,한국프랜지
417,A010120,1,69000,LS ELECTRIC
418,A010130,1,524000,고려아연
419,A010140,1,6240,삼성중공업
420,A010145,1,269500,삼성중공우
421,A010400,1,8150,우진아이엔에스
422,A010420,1,2265,한솔PNS
423,A010580,1,306,지코
424,A010600,1,2040,웰바이오텍
425,A010620,1,77700,현대미포조선
426,A010640,1,3840,진양폴리
427,A010660,1,2835,화천기계
428,A010690,1,8890,화신
429,A010770,1,5380,평화홀딩스
430,A010780,1,51500,아이에스동서
431,A010820,1,2375,퍼스텍
432,A010950,1,101500,S-Oil
433,A010955,1,60400,S-Oil우
434,A010960,1,5740,삼호개발
435,A011000,1,36350,진원생명과학
436,A011070,1,209000,LG이노텍
437,A011090,1,2790,에넥스
438,A011150,1,4105,CJ씨푸드
439,A011155,1,38850,CJ씨푸드1우
440,A011170,1,265500,롯데케미칼
441,A011200,1,37950,HMM
442,A011210,1,84300,현대위아
443,A011230,1,4090,삼화전자
444,A011280,1,4660,태림포장
445,A011300,1,787,성안
446,A011330,1,1630,유니켐
447,A011390,1,130500,부산산업
448,A011420,1,2190,갤럭시아에스엠
449,A011500,1,15400,한농화성
450,A011690,1,0,와이투솔루션
451,A011700,1,3920,한신기계
452,A011760,1,18350,현대코퍼레이션
453,A011780,1,208500,금호석유
454,A011785,1,131000,금호석유우
455,A011790,1,174500,SKC
456,A011810,1,4895,STX
457,A011930,1,2350,신성이엔지
458,A012030,1,1045,DB
459,A012160,1,1165,영흥
460,A012170,1,2035,아센디오
461,A012200,1,4570,계양전기
462,A012205,1,7860,계양전기우
463,A012280,1,2475,영화금속
464,A012320,1,38200,경동인베스트
465,A012330,1,270500,현대모비스
466,A012450,1,50200,한화에어로스페이스
467,A012510,1,106000,더존비즈온
468,A012600,1,2490,센트럴인사이트
469,A012610,1,6820,경인양행
470,A012630,1,11550,HDC
471,A012690,1,4540,모나리자
472,A012750,1,85200,에스원
473,A012800,1,2255,대창
474,A013000,1,2470,세우글로벌
475,A013360,1,5250,일성건설
476,A013520,1,2740,화승코퍼레이션
477,A013570,1,5530,디와이
478,A013580,1,40700,계룡건설
479,A013700,1,2600,까뮤이앤씨
480,A013870,1,7200,지엠비코리아
481,A013890,1,74400,지누스
482,A014130,1,6530,한익스프레스
483,A014160,1,2635,대영포장
484,A014280,1,8610,금강공업
485,A014285,1,13700,금강공업우
486,A014440,1,4765,영보화학
487,A014530,1,4880,극동유화
488,A014580,1,6330,태경비케이
489,A014680,1,335000,한솔케미칼
490,A014710,1,5640,사조씨푸드
491,A014790,1,6500,한라
492,A014820,1,70500,동원시스템즈
493,A014825,1,39000,동원시스템즈우
494,A014830,1,148500,유니드
495,A014910,1,2700,성문전자
496,A014915,1,9790,성문전자우
497,A014990,1,1515,인디에프
498,A015020,1,4130,이스타코
499,A015230,1,7870,대창단조
500,A015260,1,1790,에이엔피
501,A015350,1,80300,부산가스
502,A015360,1,39250,예스코홀딩스
503,A015540,1,6410,쎌마테라퓨틱스
504,A015590,1,509,큐로
505,A015760,1,24250,한국전력
506,A015860,1,6690,일진홀딩스
507,A015890,1,6740,태경산업
508,A016090,1,3380,대현
509,A016360,1,48900,삼성증권
510,A016380,1,14700,KG동부제철
511,A016385,1,114500,KG동부제철우
512,A016450,1,8810,한세예스24홀딩스
513,A016580,1,19600,환인제약
514,A016590,1,91400,신대양제지
515,A016610,1,6820,DB금융투자
516,A016710,1,39650,대성홀딩스
517,A016740,1,5640,두올
518,A016800,1,39050,퍼시스
519,A016880,1,2375,웅진
520,A017040,1,3010,광명전기
521,A017180,1,5440,명문제약
522,A017370,1,4465,우신시스템
523,A017390,1,178500,서울가스
524,A017550,1,2885,수산중공업
525,A017670,1,302000,SK텔레콤
526,A017800,1,48350,현대엘리베이
527,A017810,1,16900,풀무원
528,A017900,1,2740,광전자
529,A017940,1,65200,E1
530,A017960,1,11800,한국카본
531,A018250,1,24050,애경산업
532,A018260,1,167000,삼성에스디에스
533,A018470,1,3400,조일알미늄
534,A018500,1,1040,동원금속
535,A018670,1,171500,SK가스
536,A018880,1,16050,한온시스템
537,A019170,1,66300,신풍제약
538,A019175,1,93100,신풍제약우
539,A019180,1,3805,티에이치엔
540,A019440,1,17400,세아특수강
541,A019490,1,4790,하이트론
542,A019680,1,4685,대교
543,A019685,1,3775,대교우B
544,A020000,1,40050,한섬
545,A020120,1,14650,키다리스튜디오
546,A020150,1,87100,일진머티리얼즈
547,A020560,1,25250,아시아나항공
548,A020760,1,4060,일진디스플
549,A021050,1,2590,서원
550,A021240,1,80100,코웨이
551,A021820,1,8090,세원정공
552,A023000,1,3490,삼원강재
553,A023150,1,16300,MH에탄올
554,A023350,1,8450,한국종합기술
555,A023450,1,70300,동남합성
556,A023530,1,108000,롯데쇼핑
557,A023590,1,25750,다우기술
558,A023800,1,14350,인지컨트롤스
559,A023810,1,13100,인팩
560,A023960,1,4795,에쓰씨엔지니어링
561,A024070,1,4435,WISCOM
562,A024090,1,19050,디씨엠
563,A024110,1,10150,기업은행
564,A024720,1,23850,한국콜마홀딩스
565,A024890,1,3550,대원화성
566,A024900,1,3060,덕양산업
567,A025000,1,62200,KPX케미칼
568,A025530,1,4000,SJM홀딩스
569,A025540,1,81000,한국단자
570,A025560,1,14250,미래산업
571,A025620,1,1335,제이준코스메틱
572,A025750,1,1910,한솔홈데코
573,A025820,1,4625,이구산업
574,A025860,1,10800,남해화학
575,A025890,1,2655,한국주강
576,A026890,1,14200,디피씨
577,A026940,1,5790,부국철강
578,A026960,1,29850,동서
579,A027410,1,6180,BGF
580,A027740,1,460,마니커
581,A027970,1,1910,세하
582,A028050,1,26950,삼성엔지니어링
583,A028100,1,20150,동아지질
584,A028260,1,128500,삼성물산
585,A02826K,1,122000,삼성물산우B
586,A028670,1,7400,팬오션
587,A029460,1,22950,케이씨
588,A029530,1,32400,신도리코
589,A029780,1,34100,삼성카드
590,A030000,1,22650,제일기획
591,A030200,1,32500,KT
592,A030210,1,6950,KTB투자증권
593,A030610,1,8500,교보증권
594,A030720,1,10350,동원수산
595,A030790,1,7200,비케이탑스
596,A031430,1,198500,신세계인터내셔날
597,A031440,1,97500,신세계푸드
598,A031820,1,982,콤텍시스템
599,A032350,1,20650,롯데관광개발
600,A032560,1,10350,황금에스티
601,A032640,1,14550,LG유플러스
602,A032830,1,73100,삼성생명
603,A033180,1,3490,KH 필룩스
604,A033240,1,19250,자화전자
605,A033250,1,1485,체시스
606,A033270,1,53300,유나이티드제약
607,A033530,1,11000,세종공업
608,A033780,1,81300,KT&G
609,A033920,1,12850,무학
610,A034020,1,21850,두산중공업
611,A034120,1,52900,SBS
612,A034220,1,19800,LG디스플레이
613,A034300,1,41500,신세계건설
614,A034310,1,18150,NICE
615,A034590,1,29250,인천도시가스
616,A034730,1,271500,SK
617,A03473K,1,245500,SK우
618,A034830,1,2450,한국토지신탁
619,A035000,1,6650,지투알
620,A035150,1,8660,백산
621,A035250,1,28200,강원랜드
622,A035420,1,402000,NAVER
623,A035510,1,258000,신세계 I&C
624,A035720,1,121500,카카오
625,A036420,1,44050,제이콘텐트리
626,A036460,1,42350,한국가스공사
627,A036530,1,18750,SNT홀딩스
628,A036570,1,589000,엔씨소프트
629,A036580,1,6360,팜스코
630,A037270,1,7180,YG PLUS
631,A037560,1,7700,LG헬로비전
632,A037710,1,191000,광주신세계
633,A039130,1,87800,하나투어
634,A039490,1,117000,키움증권
635,A039570,1,12550,HDC아이콘트롤스
636,A041650,1,4300,상신브레이크
637,A042660,1,29350,대우조선해양
638,A042670,1,10250,두산인프라코어
639,A042700,1,31850,한미반도체
640,A044380,1,1240,주연테크
641,A044450,1,11700,KSS해운
642,A044820,1,18650,코스맥스비티아이
643,A047040,1,7170,대우건설
644,A047050,1,25400,포스코인터내셔널
645,A047400,1,3235,유니온머티리얼
646,A047810,1,31550,한국항공우주
647,A049770,1,205500,동원F&B
648,A049800,1,5050,우진플라임
649,A051600,1,39650,한전KPS
650,A051630,1,3960,진양화학
651,A051900,1,1383000,LG생활건강
652,A051905,1,673000,LG생활건강우
653,A051910,1,716000,LG화학
654,A051915,1,343000,LG화학우
655,A052690,1,50800,한전기술
656,A053210,1,10200,스카이라이프
657,A053690,1,11600,한미글로벌
658,A055490,1,79600,테이팩스
659,A055550,1,38750,신한지주
660,A057050,1,72700,현대홈쇼핑
661,A058430,1,63600,포스코강판
662,A058650,1,114500,세아홀딩스
663,A058730,1,5820,다스코
664,A058850,1,2820,KTcs
665,A058860,1,2620,KTis
666,A060980,1,55200,한라홀딩스
667,A063160,1,49000,종근당바이오
668,A064350,1,24150,현대로템
669,A064960,1,53300,SNT모티브
670,A066570,1,141000,LG전자
671,A066575,1,70300,LG전자우
672,A067830,1,3375,세이브존I&C
673,A068270,1,267000,셀트리온
674,A068290,1,37900,삼성출판사
675,A068400,1,12750,SK렌터카
676,A069260,1,28400,휴켐스
677,A069460,1,4055,대호에이엘
678,A069500,10,40965,KODEX 200
679,A069620,1,154500,대웅제약
680,A069640,1,5900,한세엠케이
681,A069660,10,41045,KOSEF 200
682,A069730,1,10750,DSR제강
683,A069960,1,82000,현대백화점
684,A070960,1,5620,용평리조트
685,A071050,1,88100,한국금융지주
686,A071055,1,67500,한국금융지주우
687,A071090,1,4095,하이스틸
688,A071320,1,42200,지역난방공사
689,A071840,1,30850,롯데하이마트
690,A071950,1,1335,코아스
691,A071970,1,5620,STX중공업
692,A072130,1,5000,유엔젤
693,A072710,1,75800,농심홀딩스
694,A073240,1,5940,금호타이어
695,A074610,1,3825,이엔플러스
696,A075180,1,6060,새론오토모티브
697,A075580,1,6220,세진중공업
698,A077500,1,10550,유니퀘스트
699,A077970,1,11150,STX엔진
700,A078000,1,11450,텔코웨어
701,A078520,1,7990,에이블씨엔씨
702,A078930,1,43600,GS
703,A078935,1,36800,GS우
704,A079160,1,31900,CJ CGV
705,A079430,1,17650,현대리바트
706,A079550,1,51800,LIG넥스원
707,A079980,1,10100,휴비스
708,A081000,1,45000,일진다이아
709,A081660,1,47050,휠라홀딩스
710,A082640,1,6810,동양생명
711,A082740,1,7980,HSD엔진
712,A083420,1,11150,그린케미칼
713,A084010,1,23350,대한제강
714,A084670,1,22600,동양고속
715,A084680,1,2745,이월드
716,A084690,1,10700,대상홀딩스
717,A084695,1,11750,대상홀딩스우
718,A084870,1,3200,TBH글로벌
719,A085310,1,1180,엔케이
720,A085620,1,4770,미래에셋생명
721,A086280,1,178500,현대글로비스
722,A086790,1,44750,하나금융지주
723,A088260,3,6030,이리츠코크렙
724,A088350,1,3330,한화생명
725,A088790,1,3960,진도
726,A088980,5,12550,맥쿼리인프라
727,A089470,1,5950,HDC현대EP
728,A089590,1,23100,제주항공
729,A089860,1,45300,롯데렌탈
730,A090080,1,2195,평화산업
731,A090350,1,10750,노루페인트
732,A090355,1,22150,노루페인트우
733,A090370,1,1165,메타랩스
734,A090430,1,191000,아모레퍼시픽
735,A090435,1,73600,아모레퍼시픽우
736,A091090,1,900,세원이앤씨
737,A091160,10,34745,KODEX 반도체
738,A091170,10,7295,KODEX 은행
739,A091180,10,22275,KODEX 자동차
740,A091220,10,7625,TIGER 은행
741,A091230,10,35665,TIGER 반도체
742,A091810,1,4000,티웨이항공
743,A092200,1,5750,디아이씨
744,A092220,1,2250,KEC
745,A092230,1,67300,KPX홀딩스
746,A092440,1,4530,기신정기
747,A092780,1,10150,동양피스톤
748,A093050,1,18500,LF
749,A093230,1,418,이아이디
750,A093240,1,4790,형지엘리트
751,A093370,1,18950,후성
752,A094280,1,20800,효성ITX
753,A094800,2,4705,맵스리얼티1
754,A095570,1,6070,AJ네트웍스
755,A095720,1,3555,웅진씽크빅
756,A096300,2,236,베트남개발1
757,A096760,1,4080,JW홀딩스
758,A096770,1,237000,SK이노베이션
759,A096775,1,152000,SK이노베이션우
760,A097230,1,10150,한진중공업
761,A097520,1,42750,엠씨넥스
762,A097950,1,429500,CJ제일제당
763,A097955,1,201500,CJ제일제당 우
764,A098560,10,10540,TIGER 방송통신
765,A099140,10,18600,KODEX 차이나H
766,A100220,1,9160,비상교육
767,A100250,1,3065,진양홀딩스
768,A100840,1,23050,SNT에너지
769,A100910,10,6455,KOSEF KRX100
770,A101060,1,2110,SBS미디어홀딩스
771,A101140,1,4235,인바이오젠
772,A101280,10,17995,KODEX 일본TOPIX100
773,A101530,1,8920,해태제과식품
774,A102110,10,41015,TIGER 200
775,A102260,1,5910,동성케미컬
776,A102280,1,725,쌍방울
777,A102460,1,56700,이연제약
778,A102780,10,10260,KODEX 삼성그룹
779,A102960,10,6200,KODEX 기계장비
780,A102970,10,8260,KODEX 증권
781,A103140,1,36150,풍산
782,A103590,1,5820,일진전기
783,A104520,10,10305,KOSEF 블루칩
784,A104530,10,9850,KOSEF 고배당
785,A104700,1,10350,한국철강
786,A105010,10,3585,TIGER 라틴35
787,A105190,10,41145,KINDEX 200
788,A105560,1,52100,KB금융
789,A105630,1,23650,한세실업
790,A105780,10,8030,KBSTAR 5대그룹주
791,A105840,1,10600,우진
792,A107590,1,129000,미원홀딩스
793,A108450,10,17095,KINDEX 삼성그룹섹터가중
794,A108590,10,41825,TREX 200
795,A108670,1,84200,LX하우시스
796,A108675,1,39700,LX하우시스우
797,A109070,1,4100,컨버즈
798,A111110,1,13250,호전실업
799,A111770,1,45200,영원무역
800,A112610,1,75400,씨에스윈드
801,A114090,1,16050,GKL
802,A114100,10,112445,KBSTAR 국고채3년
803,A114260,10,57970,KODEX 국고채3년
804,A114460,10,106360,KINDEX 국고채3년
805,A114470,10,111975,KOSEF 국고채3년
806,A114800,10,3930,KODEX 인버스
807,A114820,10,110260,TIGER 국채3년
808,A115390,1,11550,락앤락
809,A117460,10,20570,KODEX 에너지화학
810,A117580,1,9540,대성에너지
811,A117680,10,10215,KODEX 철강
812,A117690,10,15515,TIGER 차이나항셍25
813,A117700,10,3935,KODEX 건설
814,A118000,1,1630,우리들휴브레인
815,A119650,1,7400,KC코트렐
816,A120030,1,115000,조선선재
817,A120110,1,101000,코오롱인더
818,A120115,1,45000,코오롱인더우
819,A122090,10,28175,ARIRANG 코스피50
820,A122260,10,101250,KOSEF 통안채1년
821,A122630,10,25505,KODEX 레버리지
822,A122900,1,12600,아이마켓코리아
823,A123310,10,4345,TIGER 인버스
824,A123320,10,24205,TIGER 레버리지
825,A123690,1,9980,한국화장품
826,A123700,1,4910,SJM
827,A123890,1,4610,한국자산신탁
828,A126560,1,4650,현대퓨처넷
829,A128820,1,4960,대성산업
830,A128940,1,299500,한미약품
831,A129260,1,3895,인터지스
832,A130660,1,15300,한전산업
833,A130680,10,3335,TIGER 원유선물Enhanced(H)
834,A130730,10,101215,KOSEF 단기자금
835,A131890,10,18000,KINDEX 삼성그룹동일가중
836,A132030,10,12085,KODEX 골드선물(H)
837,A133690,10,81355,TIGER 미국나스닥100
838,A133820,1,3235,화인베스틸
839,A134380,1,79900,미원화학
840,A134790,1,70900,시디즈
841,A136340,10,105020,KBSTAR 중기우량회사채
842,A136490,1,15000,선진
843,A137310,1,47100,에스디바이오센서
844,A137610,10,6430,TIGER 농산물선물Enhanced(H)
845,A137930,10,15095,마이다스 200커버드콜5%OTM
846,A138040,1,36600,메리츠금융지주
847,A138230,10,12310,KOSEF 미국달러선물
848,A138250,1,15900,엔에스쇼핑
849,A138490,1,12800,코오롱플라스틱
850,A138520,10,12300,TIGER 삼성그룹펀더멘털
851,A138530,10,10950,TIGER LG그룹+펀더멘털
852,A138540,10,26165,TIGER 현대차그룹+펀더멘털
853,A138910,10,7965,KODEX 구리선물(H)
854,A138920,10,11420,KODEX 콩선물(H)
855,A138930,1,8050,BNK금융지주
856,A139130,1,9360,DGB금융지주
857,A139220,10,3445,TIGER 200 건설
858,A139230,10,3555,TIGER 200 중공업
859,A139240,10,10400,TIGER 200 철강소재
860,A139250,10,21195,TIGER 200 에너지화학
861,A139260,10,35965,TIGER 200 IT
862,A139270,10,6995,TIGER 200 금융
863,A139280,10,12220,TIGER 경기방어
864,A139290,10,18495,TIGER 200 경기소비재
865,A139310,10,7270,TIGER 금속선물(H)
866,A139320,10,9475,TIGER 금은선물(H)
867,A139480,1,172500,이마트
868,A139660,10,10185,KOSEF 미국달러선물인버스
869,A139990,1,23050,아주스틸
870,A140570,10,13170,KBSTAR 수출주
871,A140580,10,12675,KBSTAR 우량업종
872,A140700,10,6820,KODEX 보험
873,A140710,10,6820,KODEX 운송
874,A140910,3,11950,에이리츠
875,A140950,10,31315,파워 코스피100
876,A143210,1,6350,핸즈코퍼레이션
877,A143460,10,9875,KINDEX 밸류대형
878,A143850,10,52375,TIGER 미국S&P500선물(H)
879,A143860,10,44195,TIGER 헬스케어
880,A144600,10,4850,KODEX 은선물(H)
881,A144620,1,3075,코오롱머티리얼
882,A145210,1,570,다이나믹디자인
883,A145270,3,1730,케이탑리츠
884,A145670,10,4810,KINDEX 인버스
885,A145720,1,82400,덴티움
886,A145850,10,41440,TREX 펀더멘탈 200
887,A145990,1,77600,삼양사
888,A145995,1,48200,삼양사우
889,A147970,10,26445,TIGER 모멘텀
890,A148020,10,41070,KBSTAR 200
891,A148070,10,121090,KOSEF 국고채10년
892,A150460,10,8745,TIGER 중국소비테마
893,A152100,10,41585,ARIRANG 200
894,A152380,10,69835,KODEX 국채선물10년
895,A152500,10,10070,KINDEX 레버리지
896,A152550,2,1560,한국ANKOR유전
897,A152870,10,42080,파워 200
898,A153130,10,102920,KODEX 단기채권
899,A153270,10,30845,KOSEF 코스피100
900,A153360,4,2160,하이골드3호
901,A155660,1,10850,DSR
902,A155900,4,2805,바다로19호
903,A156080,10,19050,KODEX MSCI Korea
904,A157450,10,100315,TIGER 단기통안채
905,A157490,10,16660,TIGER 소프트웨어
906,A157500,10,4795,TIGER 증권
907,A159800,10,31175,마이티 코스피100
908,A160580,10,10190,TIGER 구리실물
909,A161000,1,15350,애경유화
910,A161390,1,45100,한국타이어앤테크놀로지
911,A161510,10,12765,ARIRANG 고배당주
912,A161890,1,47400,한국콜마
913,A163560,1,8550,동일고무벨트
914,A166400,10,15265,TIGER 200커버드콜5%OTM
915,A167860,10,130560,KOSEF 국고채10년레버리지
916,A168300,10,28575,KTOP 코스피50
917,A168490,2,2045,한국패러랠
918,A168580,10,30920,KINDEX 중국본토CSI300
919,A169950,10,21330,KODEX 차이나A50
920,A170900,1,77400,동아에스티
921,A172580,4,2620,하이골드12호
922,A174350,10,12550,TIGER 로우볼
923,A174360,10,20570,KBSTAR 중국본토대형주CSI100
924,A175330,1,8340,JB금융지주
925,A176710,10,99710,파워 중기국고채
926,A176950,10,46935,KODEX 국채선물10년인버스
927,A178920,1,60500,PI첨단소재
928,A180640,1,62700,한진칼
929,A18064K,1,40150,한진칼우
930,A181480,10,97200,KINDEX 미국다우존스리츠(합성 H)
931,A181710,1,68000,NHN
932,A182480,10,15120,TIGER 미국MSCI리츠(합성 H)
933,A182490,10,12550,TIGER 단기선진하이일드(합성 H)
934,A183190,1,148000,아세아시멘트
935,A183700,10,63450,KBSTAR 채권혼합
936,A183710,10,43860,KBSTAR 주식혼합
937,A185680,10,33155,KODEX 미국S&P바이오(합성)
938,A185750,1,122500,종근당
939,A189400,10,17890,ARIRANG 글로벌MSCI(합성 H)
940,A190620,10,100460,KINDEX 단기통안채
941,A192080,1,61300,더블유게임즈
942,A192090,10,11630,TIGER 차이나CSI300
943,A192400,1,23100,쿠쿠홀딩스
944,A192650,1,11350,드림텍
945,A192720,10,32040,파워 고배당저변동성
946,A192820,1,131000,코스맥스
947,A194370,1,21200,제이에스코퍼레이션
948,A195870,1,42100,해성디에스
949,A195920,10,17235,TIGER 일본TOPIX(합성 H)
950,A195930,10,14135,TIGER 유로스탁스50(합성 H)
951,A195970,10,12455,ARIRANG 선진국MSCI(합성 H)
952,A195980,10,12190,ARIRANG 신흥국MSCI(합성 H)
953,A196030,10,24180,KINDEX 일본TOPIX레버리지(H)
954,A196230,10,104575,KBSTAR 단기통안채
955,A200030,10,20785,KODEX 미국S&P산업재(합성)
956,A200250,10,19200,KOSEF 인도Nifty50(합성)
957,A200880,1,8440,서연이화
958,A203780,10,22875,TIGER 미국나스닥바이오
959,A204210,3,4050,모두투어리츠
960,A204320,1,61400,만도
961,A204450,10,4630,KODEX 차이나H레버리지(H)
962,A204480,10,30340,TIGER 차이나CSI300레버리지(합성)
963,A205720,10,4065,KINDEX 일본TOPIX인버스(합성 H)
964,A207940,1,916000,삼성바이오로직스
965,A208470,10,19070,SOL 선진국MSCI World(합성 H)
966,A210540,1,14600,디와이파워
967,A210780,10,15805,TIGER 코스피고배당
968,A210980,1,37450,SK디앤디
969,A211260,10,42695,KINDEX 배당성장
970,A211560,10,20720,TIGER 배당성장
971,A211900,10,16715,KODEX 배당성장
972,A213500,1,16600,한솔제지
973,A213610,10,9710,KODEX 삼성그룹밸류
974,A213630,10,15475,ARIRANG 미국다우존스고배당주(합성 H)
975,A214320,1,59300,이노션
976,A214330,1,2410,금호에이치티
977,A214390,1,11350,경보제약
978,A214420,1,7400,토니모리
979,A214980,10,103215,KODEX 단기채권PLUS
980,A215620,10,12745,HK S&P코리아로우볼
981,A217770,10,5705,TIGER 원유선물인버스(H)
982,A217780,10,7630,TIGER 차이나CSI300인버스(합성)
983,A217790,10,26045,TIGER 가격조정
984,A218420,10,6785,KODEX 미국S&P에너지(합성)
985,A219390,10,3965,KBSTAR 미국S&P원유생산기업(합성 H)
986,A219480,10,21555,KODEX 미국S&P500선물(H)
987,A219900,10,5345,KINDEX 중국본토CSI300레버리지(합성)
988,A220130,10,6330,SOL 중국본토 중소형 CSI500(합성 H)
989,A223190,10,11020,KODEX 200가치저변동
990,A225030,10,3740,TIGER 미국S&P500선물인버스(H)
991,A225040,10,34035,TIGER 미국S&P500레버리지(합성 H)
992,A225050,10,10345,TIGER 유로스탁스레버리지(합성 H)
993,A225060,10,13840,TIGER 이머징마켓MSCI레버리지(합성 H)
994,A225130,10,16735,KINDEX 골드선물 레버리지(합성 H)
995,A225800,10,9405,KOSEF 미국달러선물레버리지
996,A226320,1,22750,잇츠한불
997,A226380,10,7925,KINDEX Fn성장소비주도주
998,A226490,10,31490,KODEX 코스피
999,A226980,10,15495,KODEX 200 중소형
1000,A227540,10,26365,TIGER 200 헬스케어
1001,A227550,10,7205,TIGER 200 산업재
1002,A227560,10,11110,TIGER 200 생활소비재
1003,A227570,10,13135,TIGER 우량가치
1004,A227830,10,32090,ARIRANG 코스피
1005,A227840,1,13150,현대코퍼레이션홀딩스
1006,A228790,10,3370,TIGER 화장품
1007,A228800,10,5655,TIGER 여행레저
1008,A228810,10,8165,TIGER 미디어컨텐츠
1009,A228820,10,11030,TIGER KTOP30
1010,A229200,10,15145,KODEX 코스닥 150
1011,A229640,1,8920,LS전선아시아
1012,A229720,10,22225,KODEX KTOP30
1013,A230480,10,7950,KOSEF 미국달러선물인버스2X
1014,A232080,10,15370,TIGER 코스닥150
1015,A233160,10,17700,TIGER 코스닥150 레버리지
1016,A233740,10,16630,KODEX 코스닥150 레버리지
1017,A234080,1,16950,JW생명과학
1018,A234310,10,15930,KBSTAR V&S셀렉트밸류
1019,A236350,10,26290,TIGER 인도니프티50레버리지(합성)
1020,A237350,10,31240,KODEX 코스피100
1021,A237370,10,12325,KODEX 배당성장채권혼합
1022,A237440,10,9975,TIGER 경기방어채권혼합
1023,A238670,10,11335,ARIRANG 스마트베타Quality채권혼합
1024,A238720,10,19905,KINDEX 일본Nikkei225(H)
1025,A239660,10,108610,ARIRANG 우량회사채50 1년
1026,A241180,10,19270,TIGER 일본니케이225
1027,A241390,10,12490,KBSTAR V&S셀렉트밸류채권혼합
1028,A241560,1,41500,두산밥캣
1029,A241590,1,18000,화승엔터프라이즈
1030,A243880,10,58230,TIGER 200IT레버리지
1031,A243890,10,23070,TIGER 200에너지화학레버리지
1032,A244580,10,15395,KODEX 바이오
1033,A244620,10,13710,KODEX 모멘텀Plus
1034,A244660,10,11005,KODEX 퀄리티Plus
1035,A244670,10,10635,KODEX 밸류Plus
1036,A244920,1,9200,에이플러스에셋
1037,A245340,10,20695,TIGER 미국다우존스30
1038,A245350,10,13205,TIGER 유로스탁스배당30
1039,A245360,10,10935,TIGER 차이나HSCEI
1040,A245710,10,21770,KINDEX 베트남VN30(합성)
1041,A248070,1,30800,솔루엠
1042,A248170,1,48100,샘표식품
1043,A248260,10,12410,TIGER 일본TOPIX헬스케어(합성)
1044,A248270,10,18365,TIGER S&P글로벌헬스케어(합성)
1045,A249420,1,14250,일동제약
1046,A250730,10,10110,KBSTAR 차이나HSCEI(H)
1047,A250780,10,4255,TIGER 코스닥150선물인버스
1048,A251270,1,122000,넷마블
1049,A251340,10,4145,KODEX 코스닥150선물인버스
1050,A251350,10,20580,KODEX 선진국MSCI World
1051,A251590,10,11830,ARIRANG 고배당저변동50
1052,A251600,10,11240,ARIRANG 고배당주채권혼합
1053,A251890,10,14935,KINDEX 코스닥(합성)
1054,A252000,10,13470,TIGER 200동일가중
1055,A252400,10,23270,KBSTAR 200선물레버리지
1056,A252410,10,5080,KBSTAR 200선물인버스
1057,A252420,10,2095,KBSTAR 200선물인버스2X
1058,A252650,10,13230,KODEX 200동일가중
1059,A252670,10,2090,KODEX 200선물인버스2X
1060,A252710,10,2175,TIGER 200선물인버스2X
1061,A252720,10,15040,KBSTAR 모멘텀밸류
1062,A252730,10,16590,KBSTAR 모멘텀로우볼
1063,A253150,10,46255,ARIRANG 200선물레버리지
1064,A253160,10,4195,ARIRANG 200선물인버스2X
1065,A253230,10,2070,KOSEF 200선물인버스2X
1066,A253240,10,5080,KOSEF 200선물인버스
1067,A253250,10,22965,KOSEF 200선물레버리지
1068,A253280,10,16810,KBSTAR 헬스케어
1069,A253290,10,12580,KBSTAR 헬스케어채권혼합
1070,A256440,10,8340,KINDEX 인도네시아MSCI(합성)
1071,A256450,10,14070,ARIRANG 심천차이넥스트(합성)
1072,A256750,10,14325,KODEX 차이나심천ChiNext(합성)
1073,A259960,1,492000,크래프톤
1074,A261060,10,16565,TIGER 코스닥150IT
1075,A261070,10,12595,TIGER 코스닥150바이오테크
1076,A261110,10,9960,TIGER 미국달러선물레버리지
1077,A261120,10,8990,TIGER 미국달러선물인버스2X
1078,A261140,10,13945,TIGER 우선주
1079,A261220,10,11030,KODEX WTI원유선물(H)
1080,A261240,10,10370,KODEX 미국달러선물
1081,A261250,10,9900,KODEX 미국달러선물레버리지
1082,A261260,10,9045,KODEX 미국달러선물인버스2X
1083,A261270,10,9775,KODEX 미국달러선물인버스
1084,A261920,10,13995,KINDEX 필리핀MSCI(합성)
1085,A264900,1,10400,크라운제과
1086,A26490K,1,15500,크라운제과우
1087,A265690,10,34200,KINDEX 러시아MSCI(합성)
1088,A266160,10,12805,KBSTAR 고배당
1089,A266360,10,23300,KODEX 미디어&엔터테인먼트
1090,A266370,10,20105,KODEX IT
1091,A266390,10,13355,KODEX 경기소비재
1092,A266410,10,9270,KODEX 필수소비재
1093,A266420,10,19290,KODEX 헬스케어
1094,A266550,10,12685,ARIRANG 중형주저변동50
1095,A267250,1,69800,현대중공업지주
1096,A267260,1,25250,현대일렉트릭
1097,A267270,1,47200,현대건설기계
1098,A267290,1,24350,경동도시가스
1099,A267440,10,11885,KBSTAR 미국장기국채선물(H)
1100,A267450,10,7790,KBSTAR 미국장기국채선물인버스(H)
1101,A267490,10,14160,KBSTAR 미국장기국채선물레버리지(합성 H)
1102,A267500,10,5735,KBSTAR 미국장기국채선물인버스2X(합성 H)
1103,A267770,10,19225,TIGER 200선물레버리지
1104,A267850,1,21050,아시아나IDT
1105,A268280,1,192500,미원에스씨
1106,A269370,10,10975,TIGER S&P글로벌인프라(합성)
1107,A269420,10,12280,KODEX S&P글로벌인프라(합성)
1108,A269530,10,11820,ARIRANG S&P글로벌인프라
1109,A269540,10,18435,ARIRANG 미국S&P500(H)
1110,A270800,10,16065,KBSTAR KQ고배당
1111,A270810,10,15090,KBSTAR 코스닥150
1112,A271050,10,8165,KODEX WTI원유선물인버스(H)
1113,A271060,10,10650,KODEX 3대농산물선물(H)
1114,A271560,1,125000,오리온
1115,A271940,1,78200,일진하이솔루스
1116,A271980,1,38650,제일약품
1117,A272210,1,18850,한화시스템
1118,A272220,10,17520,KINDEX 스마트모멘텀
1119,A272230,10,15695,KINDEX 스마트밸류
1120,A272450,1,22700,진에어
1121,A272550,1,31200,삼양패키징
1122,A272560,10,102150,KBSTAR 단기국공채액티브
1123,A272570,10,103500,KBSTAR 중장기국공채액티브
1124,A272580,10,50165,TIGER 단기채권액티브
1125,A272910,10,100795,KINDEX 중장기국공채액티브
1126,A273130,10,109365,KODEX 종합채권(AA-이상)액티브
1127,A273140,10,102735,KODEX 단기변동금리부채권액티브
1128,A275280,10,13595,KODEX MSCI모멘텀
1129,A275290,10,12955,KODEX MSCI밸류
1130,A275300,10,10760,KODEX MSCI퀄리티
1131,A275750,10,4385,KBSTAR 코스닥150선물인버스
1132,A275980,10,19330,TIGER 글로벌4차산업혁신기술(합성 H)
1133,A276000,10,13135,TIGER 글로벌자원생산기업(합성 H)
1134,A276650,10,24115,KBSTAR 글로벌4차산업IT(합성 H)
1135,A276970,10,10455,KODEX 미국S&P고배당커버드콜(합성 H)
1136,A276990,10,19160,KODEX 글로벌4차산업로보틱스(합성)
1137,A277540,10,14580,KINDEX S&P아시아TOP50
1138,A277630,10,31815,TIGER 코스피
1139,A277640,10,15065,TIGER 코스피대형주
1140,A277650,10,18520,TIGER 코스피중형주
1141,A278240,10,17075,KBSTAR 코스닥150선물레버리지
1142,A278420,10,10110,ARIRANG ESG우수기업
1143,A278530,10,13425,KODEX 200TR
1144,A278540,10,13130,KODEX MSCI Korea TR
1145,A278620,10,106040,ARIRANG 단기채권액티브
1146,A279530,10,10305,KODEX 고배당
1147,A279540,10,12505,KODEX 최소변동성
1148,A280320,10,21565,KINDEX 미국IT인터넷S&P(합성 H)
1149,A280360,1,134500,롯데제과
1150,A280920,10,11560,ARIRANG 주도업종
1151,A280930,10,14505,KODEX 미국러셀2000(H)
1152,A280940,10,7275,KODEX 골드선물인버스(H)
1153,A281820,1,25500,케이씨텍
1154,A281990,10,13225,KBSTAR 중소형고배당
1155,A282000,10,99965,KBSTAR 국고채3년선물인버스
1156,A282330,1,174500,BGF리테일
1157,A282690,1,12500,동아타이어
1158,A283580,10,14115,KODEX 차이나CSI300
1159,A284430,10,13465,KODEX 200미국채혼합
1160,A284740,1,41650,쿠쿠홈시스
1161,A284980,10,8900,KBSTAR 200금융
1162,A284990,10,14105,KBSTAR 200에너지화학
1163,A285000,10,16035,KBSTAR 200IT
1164,A285010,10,11020,KBSTAR 200중공업
1165,A285020,10,9980,KBSTAR 200철강소재
1166,A285130,1,297500,SK케미칼
1167,A28513K,1,159500,SK케미칼우
1168,A285690,10,11865,FOCUS ESG리더스
1169,A286940,1,37750,롯데정보통신
1170,A287180,10,25100,ARIRANG 미국나스닥기술주
1171,A287300,10,13905,KBSTAR 200건설
1172,A287310,10,11475,KBSTAR 200경기소비재
1173,A287320,10,12875,KBSTAR 200산업재
1174,A287330,10,8460,KBSTAR 200생활소비재
1175,A289040,10,12200,KODEX MSCI KOREA ESG유니버설
1176,A289250,10,12245,TIGER MSCI KOREA ESG유니버설
1177,A289260,10,11495,TIGER MSCI KOREA ESG리더스
1178,A289480,10,11190,TIGER 200커버드콜ATM
1179,A289670,10,56590,ARIRANG 국채선물10년
1180,A290080,10,8500,KBSTAR 200고배당커버드콜ATM
1181,A290130,10,13245,KBSTAR ESG사회책임투자
1182,A291130,10,10790,KINDEX 멕시코MSCI(합성)
1183,A291620,10,7540,KOSEF 코스닥150선물인버스
1184,A291630,10,7295,KOSEF 코스닥150선물레버리지
1185,A291680,10,11195,KBSTAR 차이나H선물인버스(H)
1186,A291890,10,10270,KODEX MSCI EM선물(H)
1187,A292050,10,19135,KBSTAR KRX300
1188,A292150,10,13745,TIGER TOP10
1189,A292160,10,19000,TIGER KRX300
1190,A292190,10,18940,KODEX KRX300
1191,A292340,10,10565,마이티 200커버드콜ATM레버리지
1192,A292500,10,19000,SOL KRX300
1193,A292560,10,10550,TIGER 일본엔선물
1194,A292730,10,19160,FOCUS KRX300
1195,A292750,10,18890,ARIRANG KRX300
1196,A292770,10,49845,KODEX 국채선물3년인버스
1197,A293180,10,41020,HANARO 200
1198,A293480,1,22250,하나제약
1199,A293940,3,8200,신한알파리츠
1200,A294400,10,48785,KOSEF 200TR
1201,A294870,1,28850,HDC현대산업개발
1202,A295000,10,55645,KBSTAR 국채선물10년
1203,A295020,10,47505,KBSTAR 국채선물10년인버스
1204,A295040,10,13955,SOL 200TR
1205,A295820,10,12090,ARIRANG 200동일가중
1206,A298000,1,419500,효성화학
1207,A298020,1,756000,효성티앤씨
1208,A298040,1,79100,효성중공업
1209,A298050,1,777000,효성첨단소재
1210,A298340,10,53480,ARIRANG 국채선물3년
1211,A298690,1,2430,에어부산
1212,A298770,10,19970,KODEX 한국대만IT프리미어
1213,A299070,10,95225,KINDEX 국채선물10년인버스
1214,A299080,10,99710,KINDEX 국채선물3년인버스
1215,A300610,10,13875,TIGER K게임
1216,A300640,10,16460,KBSTAR 게임테마
1217,A300720,1,19100,한일시멘트
1218,A300950,10,13140,KODEX 게임산업
1219,A301400,10,15080,ARIRANG 코스닥150
1220,A301410,10,6575,ARIRANG 코스닥150선물인버스
1221,A301440,10,13540,ARIRANG 코스피중형주
1222,A302170,10,49910,TIGER 국채선물3년인버스
1223,A302180,10,48225,TIGER 국채선물10년인버스
1224,A302190,10,52390,TIGER 중장기국채
1225,A302440,1,280000,SK바이오사이언스
1226,A302450,10,31460,KBSTAR 코스피
1227,A304660,10,12805,KODEX 미국채울트라30년선물(H)
1228,A304670,10,7130,KODEX 미국채울트라30년선물인버스(H)
1229,A304760,10,18765,HANARO KRX300
1230,A304770,10,15170,HANARO 코스닥150
1231,A304780,10,27905,HANARO 200선물레버리지
1232,A304940,10,19655,KODEX 미국나스닥100선물(H)
1233,A305050,10,31690,KINDEX 코스피
1234,A305080,10,12160,TIGER 미국채10년선물
1235,A305540,10,22455,TIGER 2차전지테마
1236,A305720,10,22605,KODEX 2차전지산업
1237,A306200,1,126000,세아제강
1238,A306520,10,9040,HANARO 200선물인버스
1239,A306530,10,14735,HANARO 코스닥150선물레버리지
1240,A306950,10,19950,KODEX KRX300레버리지
1241,A307010,10,19955,KBSTAR KRX300레버리지
1242,A307510,10,21400,TIGER 의료기기
1243,A307520,10,12190,TIGER 지주회사
1244,A307950,1,109000,현대오토에버
1245,A308170,1,22900,센트랄모텍
1246,A308620,10,11945,KODEX 미국채10년선물
1247,A309210,10,13365,ARIRANG KRX300헬스케어
1248,A309230,10,17765,KINDEX 미국WideMoat가치주
1249,A310080,10,11805,KBSTAR 중국MSCI China(H)
1250,A310960,10,21885,TIGER 200TR
1251,A310970,10,16510,TIGER MSCI Korea TR
1252,A314250,10,28915,KODEX 미국FANG플러스(H)
1253,A314700,10,12815,HANARO 농업융복합산업
1254,A315270,10,31160,TIGER 200커뮤니케이션서비스
1255,A315480,10,19320,KBSTAR 200커뮤니케이션서비스
1256,A315930,10,18680,KODEX Top5PlusTR
1257,A315960,10,15705,KBSTAR 대형고배당10TR
1258,A316140,1,11000,우리금융지주
1259,A316300,10,12390,KINDEX 싱가포르리츠
1260,A316670,10,7535,KOSEF 코스닥150
1261,A317400,1,9860,자이에스앤디
1262,A319640,10,12890,TIGER 골드선물(H)
1263,A319870,10,15915,KBSTAR KRX300미국달러선물혼합
1264,A321410,10,11140,KODEX 멀티에셋하이인컴(H)
1265,A322000,1,26100,현대에너지솔루션
1266,A322120,10,18590,KINDEX 스마트퀄리티
1267,A322130,10,17010,KINDEX 스마트로우볼
1268,A322150,10,15145,KINDEX 스마트하이베타
1269,A322400,10,18690,HANARO e커머스
1270,A322410,10,11695,HANARO 고배당
1271,A323410,1,67100,카카오뱅크
1272,A325010,10,18080,KODEX Fn성장
1273,A325020,10,13520,KODEX 배당가치
1274,A326030,1,114000,SK바이오팜
1275,A326230,10,10795,KBSTAR 내수주플러스
1276,A326240,10,21445,KBSTAR IT플러스
1277,A328370,10,15740,ARIRANG 코스피TR
1278,A329180,1,0,현대중공업
1279,A329200,10,5905,TIGER 부동산인프라고배당
1280,A329650,10,11490,KODEX TRF3070
1281,A329660,10,12495,KODEX TRF5050
1282,A329670,10,13455,KODEX TRF7030
1283,A329750,10,10025,TIGER 미국달러단기채권액티브
1284,A330590,3,5530,롯데리츠
1285,A331910,10,26955,KOSEF Fn중소형
1286,A332500,10,25020,KINDEX 200TR
1287,A332610,10,99560,ARIRANG 미국단기우량회사채
1288,A332620,10,105300,ARIRANG 미국장기우량회사채
1289,A332930,10,48850,HANARO 200TR
1290,A332940,10,16420,HANARO MSCI Korea TR
1291,A333940,10,13920,ARIRANG KS로우볼가중TR
1292,A333950,10,17895,ARIRANG KS로우사이즈가중TR
1293,A333960,10,16255,ARIRANG KS모멘텀가중TR
1294,A333970,10,16670,ARIRANG KS밸류가중TR
1295,A333980,10,16020,ARIRANG KS퀄리티가중TR
1296,A334690,10,11480,KBSTAR 팔라듐선물(H)
1297,A334700,10,5720,KBSTAR 팔라듐선물인버스(H)
1298,A334890,3,5570,이지스밸류리츠
1299,A336160,10,102915,KBSTAR 금융채액티브
1300,A336260,1,51100,두산퓨얼셀
1301,A33626K,1,16150,두산퓨얼셀1우
1302,A33626L,1,21200,두산퓨얼셀2우B
1303,A336370,1,66000,솔루스첨단소재
1304,A33637K,1,18300,솔루스첨단소재1우
1305,A33637L,1,31150,솔루스첨단소재2우B
1306,A337120,10,14695,KODEX Fn멀티팩터
1307,A337140,10,14390,KODEX 코스피대형주
1308,A337150,10,14190,KODEX 200exTOP
1309,A337160,10,14505,KODEX 200ESG
1310,A338100,3,4840,NH프라임리츠
1311,A339770,1,20050,교촌에프앤비
1312,A341850,10,5675,TIGER KIS부동산인프라채권TR
1313,A342140,10,10125,KINDEX 모닝스타싱가포르리츠채권혼합
1314,A342500,10,51240,KBSTAR KRX국채선물3년10년스티프너
1315,A342600,10,51920,KBSTAR KRX국채선물3년10년스티프너2X
1316,A342610,10,49750,KBSTAR KRX국채선물3년10년플래트너
1317,A342620,10,48965,KBSTAR KRX국채선물3년10년플래트너2X
1318,A344820,1,74800,KCC글라스
1319,A346000,10,46700,HANARO KAP초장기국고채
1320,A348950,3,5410,제이알글로벌리츠
1321,A350520,3,5110,이지스레지던스리츠
1322,A352540,10,13325,KODEX TSE일본리츠(H)
1323,A352560,10,14555,KODEX 다우존스미국리츠(H)
1324,A352820,1,276500,하이브
1325,A353200,1,17000,대덕전자
1326,A35320K,1,14400,대덕전자1우
1327,A354240,10,10835,KBSTAR 미국고정배당우선증권ICE TR
1328,A354350,10,17895,HANARO 글로벌럭셔리S&P(합성)
1329,A354500,10,15230,KINDEX 코스닥150
1330,A356540,10,98560,KINDEX KIS종합채권(AA-이상)액티브
1331,A357120,3,6230,코람코에너지리츠
1332,A357250,3,4990,미래에셋맵스리츠
1333,A357870,10,50420,TIGER CD금리투자KIS(합성)
1334,A359210,10,14505,KODEX 코스피TR
1335,A360140,10,10620,KODEX 200롱코스닥150숏선물
1336,A360150,10,8860,KODEX 코스닥150롱코스피200숏선물
1337,A360200,10,13315,KINDEX 미국S&P500
1338,A360750,10,13220,TIGER 미국S&P500
1339,A361580,10,21055,KBSTAR 200TR
1340,A361590,10,14935,KBSTAR 코스피ex200
1341,A361610,1,223000,SK아이이테크놀로지
1342,A363280,1,28150,티와이홀딩스
1343,A36328K,1,24200,티와이홀딩스우
1344,A363510,10,100410,SOL KIS단기통안채
1345,A363570,10,96690,KODEX 장기종합채권(AA-이상)액티브KAP
1346,A363580,10,13580,KODEX 200IT TR
1347,A364690,10,13650,KODEX 혁신기술테마액티브
1348,A364960,10,12620,TIGER KRX BBIG K-뉴딜
1349,A364970,10,10270,TIGER KRX바이오K-뉴딜
1350,A364980,10,17210,TIGER KRX2차전지K-뉴딜
1351,A364990,10,11425,TIGER KRX게임K-뉴딜
1352,A365000,10,12100,TIGER KRX인터넷K-뉴딜
1353,A365040,10,13815,TIGER AI코리아그로스액티브
1354,A365550,3,6710,ESR켄달스퀘어리츠
1355,A365780,10,97400,KINDEX 국고채10년
1356,A367380,10,13960,KINDEX 미국나스닥100
1357,A367740,10,12830,HANARO Fn5G산업
1358,A367760,10,10655,KBSTAR Fn5G테크
1359,A367770,10,13000,KBSTAR Fn수소경제테마
1360,A368190,10,12535,HANARO Fn K-뉴딜디지털플러스
1361,A368200,10,12550,KBSTAR Fn K-뉴딜디지털플러스
1362,A368470,10,14995,KINDEX Fn K-뉴딜디지털플러스
1363,A368590,10,13520,KBSTAR 미국나스닥100
1364,A368680,10,12555,KODEX Fn K-뉴딜디지털플러스
1365,A371130,10,19790,KINDEX 블룸버그베트남VN30선물레버리지(H)
1366,A371150,10,8090,KBSTAR 차이나항셍테크
1367,A371160,10,8075,TIGER 차이나항셍테크
1368,A371450,10,12600,TIGER 글로벌클라우드컴퓨팅INDXX
1369,A371460,10,17805,TIGER 차이나전기차SOLACTIVE
1370,A371470,10,11290,TIGER 차이나바이오테크SOLACTIVE
1371,A371870,10,8005,KINDEX 차이나항셍테크
1372,A372330,10,8110,KODEX 차이나항셍테크
1373,A372910,1,9970,한컴라이프케어
1374,A373490,10,11080,KODEX K-이노베이션액티브
1375,A373530,10,9250,ARIRANG 신흥국MSCI인버스(합성 H)
1376,A373790,10,11950,KOSEF 미국방어배당성장나스닥
1377,A375270,10,12585,KBSTAR 글로벌데이터센터리츠나스닥(합성)
1378,A375500,1,141500,DL이앤씨
1379,A37550K,1,77800,DL이앤씨우
1380,A375760,10,9955,HANARO 탄소효율그린뉴딜
1381,A375770,10,9970,KODEX 탄소효율그린뉴딜
1382,A376250,10,9930,ARIRANG 탄소효율그린뉴딜
1383,A376410,10,9985,TIGER 탄소효율그린뉴딜
1384,A377190,3,5330,디앤디플랫폼리츠
1385,A377990,10,10735,TIGER Fn신재생에너지
1386,A378850,1,6170,화승알앤에이
1387,A379780,10,11490,KBSTAR 미국S&P500
1388,A379790,10,10600,KBSTAR 유로스탁스50(H)
1389,A379800,10,11550,KODEX 미국S&P500TR
1390,A379810,10,11930,KODEX 미국나스닥100TR
1391,A380340,10,8855,KINDEX Fn5G플러스
1392,A380440,1,2185,엔에이치스팩19호
1393,A381170,10,12090,TIGER 미국테크TOP10 INDXX
1394,A381180,10,10890,TIGER 미국필라델피아반도체나스닥
1395,A381560,10,10930,HANARO Fn전기&수소차
1396,A381570,10,10710,HANARO Fn친환경에너지
1397,A383220,1,723000,F&F
1398,A383800,1,9980,LX홀딩스
1399,A38380K,1,15800,LX홀딩스1우
1400,A385510,10,12505,KODEX K-신재생에너지액티브
1401,A385520,10,10880,KODEX K-미래차액티브
1402,A385540,10,100670,KBSTAR KIS종합채권(A-이상)액티브
1403,A385550,10,100035,KBSTAR KIS단기종합채권(AA-이상)액티브
1404,A385560,10,105200,KBSTAR KIS국고채30년Enhanced
1405,A385590,10,9635,네비게이터 ESG액티브
1406,A385600,10,11070,네비게이터 친환경자동차밸류체인액티브
1407,A385710,10,11020,TIMEFOLIO BBIG액티브
1408,A385720,10,10090,TIMEFOLIO Kstock액티브
1409,A387270,10,12070,TIGER 글로벌BBIG액티브
1410,A387280,10,11650,TIGER 퓨처모빌리티액티브
1411,A388280,10,10000,KBSTAR Fn컨택트대표
1412,A388420,10,9820,KBSTAR 비메모리반도체액티브
1413,A390390,10,10900,KODEX 미국반도체MV
1414,A390400,10,9250,KODEX 미국스마트모빌리티S&P
1415,A390950,10,100155,HANARO 단기채권액티브
1416,A391590,10,9935,KINDEX 미국스팩&IPO INDXX
1417,A391600,10,10030,KINDEX 미국친환경그린테마INDXX
1418,A391670,10,9875,HK 베스트일레븐액티브
1419,A391680,10,9415,HK 하이볼액티브
1420,A394340,10,10660,KOSEF 릭소글로벌디지털경제MSCI
1421,A394350,10,11030,KOSEF 릭소글로벌퓨처모빌리티MSCI
1422,A394660,10,10755,TIGER 글로벌자율주행&전기차SOLACTIVE
1423,A394670,10,11240,TIGER 글로벌리튬&2차전지SOLACTIVE(합성)
1424,A395150,10,8845,KODEX Fn웹툰&드라마
1425,A395160,10,9650,KODEX Fn시스템반도체
1426,A395170,10,9325,KODEX Fn Top10동일가중
1427,A395270,10,9505,HANARO Fn K-반도체
1428,A395280,10,8565,HANARO Fn K-게임
1429,A395290,10,9150,HANARO Fn K-POP&미디어
1430,A395400,3,5740,SK리츠
1431,A395750,10,9710,ARIRANG ESG가치주액티브
1432,A395760,10,9645,ARIRANG ESG성장주액티브
1433,A396500,10,9030,TIGER Fn반도체TOP10
1434,A396510,10,10385,TIGER 차이나클린에너지SOLACTIVE
1435,A396520,10,9015,TIGER 차이나반도체FACTSET
1436,A397410,10,50280,KBSTAR 국채선물5년추종인버스
1437,A397420,10,49690,KBSTAR 국채선물5년추종
1438,A399110,10,10080,SOL 미국S&P500ESG
1439,A900140,13,3295,엘브이엠씨홀딩스
1440,A950210,6,31750,프레스티지바이오파마
1441,Q500001,17,0,신한 K200 USD 선물 바이셀 ETN
1442,Q500002,17,0,신한 USD K200 선물 바이셀 ETN
1443,Q500003,17,0,신한 인버스 WTI원유 선물 ETN(H)
1444,Q500004,17,0,신한 브렌트원유 선물 ETN(H)
1445,Q500005,17,0,신한 인버스 브렌트원유 선물 ETN(H)
1446,Q500006,17,0,신한 인버스 금 선물 ETN(H)
1447,Q500007,17,0,신한 인버스 은 선물 ETN(H)
1448,Q500008,17,0,신한 인버스 구리 선물 ETN(H)
1449,Q500009,17,0,신한 다우존스지수 선물 ETN(H)
1450,Q500010,17,0,신한 인버스 다우존스지수 선물 ETN(H)
1451,Q500011,17,0,신한 달러인덱스 선물 ETN(H)
1452,Q500012,17,0,신한 인버스 달러인덱스 선물 ETN(H)
1453,Q500013,17,0,신한 옥수수 선물 ETN(H)
1454,Q500014,17,0,신한 인버스 옥수수 선물 ETN(H)
1455,Q500015,17,0,신한 WTI원유 선물 ETN(H)
1456,Q500016,17,0,신한 금 선물 ETN(H)
1457,Q500017,17,0,신한 은 선물 ETN(H)
1458,Q500018,17,0,신한 구리 선물 ETN(H)
1459,Q500019,17,0,신한 레버리지 WTI원유 선물 ETN(H)
1460,Q500020,17,0,신한 레버리지 다우존스지수 선물 ETN(H)
1461,Q500021,17,0,신한 천연가스 선물 ETN(H)
1462,Q500022,17,0,신한 인버스 천연가스 선물 ETN(H)
1463,Q500023,17,0,신한 콩 선물 ETN(H)
1464,Q500024,17,0,신한 인버스 콩 선물 ETN(H)
1465,Q500027,17,0,신한 인버스 2X WTI원유 선물 ETN(H)
1466,Q500028,17,0,신한 인버스 2X 다우존스지수 선물 ETN(H)
1467,Q500029,17,0,신한 레버리지 은 선물 ETN(H)
1468,Q500030,17,0,신한 인버스 2X 은 선물 ETN(H)
1469,Q500032,17,0,신한 인버스 2X 천연가스 선물 ETN(H)
1470,Q500035,17,0,신한 레버리지 미국달러 선물 ETN
1471,Q500036,17,0,신한 인버스 2X 미국달러 선물 ETN
1472,Q500037,17,0,신한 레버리지 금 선물 ETN
1473,Q500038,17,0,신한 인버스 2X 금 선물 ETN
1474,Q500039,17,0,신한 코스피 콘도르 4/10% ETN
1475,Q500040,17,0,신한 레버리지 구리 선물 ETN
1476,Q500041,17,0,신한 인버스 2X 구리 선물 ETN
1477,Q500042,17,0,신한 코스피 콘도르 6/10% ETN
1478,Q500043,17,0,신한 코스피 콘도르 4/10% 콜 2204-01 ETN
1479,Q500044,17,0,신한 코스피 콘도르 6/10% 콜 2204-01 ETN
1480,Q500046,17,0,신한 코스피 월별 양매도 3% OTM ETN
1481,Q500047,17,0,신한 코스피 월별 양매도 5% OTM ETN
1482,Q500048,17,0,신한 코스피 월별 양매도 3% 콜 2206-1 ETN
1483,Q500049,17,0,신한 코스피 월별 양매도 5% 콜 2206-1 ETN
1484,Q500050,17,0,신한 레버리지 S&P500 선물 ETN
1485,Q500051,17,0,신한 인버스 2X S&P500 선물 ETN
1486,Q500052,17,0,신한 FnGuide 5G 테마주 ETN
1487,Q500053,17,0,신한 레버리지 천연가스 선물 ETN
1488,Q500054,17,0,신한 인버스 2X 천연가스 선물 ETN
1489,Q500055,17,0,신한 인버스 Russell 2000 ETN
1490,Q500056,17,0,신한 레버리지 Russell 2000 ETN
1491,Q500057,17,0,신한 인버스 2X Russell 2000 ETN
1492,Q500058,17,0,신한 S&P500 VIX S/T 선물 ETN C
1493,Q500059,17,0,신한 FnGuide 메타버스 ETN
1494,Q510001,17,0,대신 WTI원유 선물 ETN(H)
1495,Q510002,17,0,대신 아연선물 ETN(H)
1496,Q510003,17,0,대신 니켈선물 ETN(H)
1497,Q510004,17,0,대신 인버스 아연선물 ETN(H)
1498,Q510005,17,0,대신 2X 아연선물 ETN(H)
1499,Q510006,17,0,대신 인버스 니켈선물 ETN(H)
1500,Q510007,17,0,대신 2X 니켈선물 ETN(H)
1501,Q510008,17,0,대신 철광석 선물 ETN(H)
1502,Q510009,17,0,대신 인버스 철광석 선물 ETN(H)
1503,Q510010,17,0,대신 인버스 2X 니켈선물 ETN(H)
1504,Q510011,17,0,대신 골드 커버드콜 타겟 5%인컴 ETN(H)
1505,Q510014,17,0,대신 알루미늄 선물 ETN(H)
1506,Q510015,17,0,대신 밀 선물 ETN(H)
1507,Q510016,17,0,대신 천연가스 선물 ETN(H)
1508,Q510017,17,0,대신 2X 철광석 선물 ETN(H)
1509,Q520003,17,0,미래에셋 원자재 선물 ETN(H)
1510,Q520004,17,0,미래에셋 전기전자 Core5 ETN
1511,Q520005,17,0,미래에셋 인버스 전기전자 Core5 ETN
1512,Q520006,17,0,미래에셋 에너지화학 Core5 ETN
1513,Q520007,17,0,미래에셋 인버스 에너지화학 Core5 ETN
1514,Q520009,17,0,미래에셋 레버리지 원유선물혼합 ETN(H)
1515,Q520010,17,0,미래에셋 원유선물혼합 ETN(H)
1516,Q520011,17,0,미래에셋 인버스 원유선물혼합 ETN(H)
1517,Q520013,17,0,미래에셋 Q150 Core5 ETN
1518,Q520014,17,0,미래에셋 미디어엔터 Core5 ETN
1519,Q520015,17,0,미래에셋 인버스 미디어엔터 Core5 ETN
1520,Q520026,17,0,미래에셋 코스피 양매도 5% OTM ETN
1521,Q520030,17,0,미래에셋 KRX금현물 Auto-KO-C 2312-01 ETN
1522,Q520031,17,0,미래에셋 K200 Auto-KO-C 2206-01 ETN
1523,Q520032,17,0,미래에셋 K200 Auto-KO-P 2206-01 ETN
1524,Q520033,17,0,미래에셋 레버리지 은 선물 ETN
1525,Q520034,17,0,미래에셋 인버스 2X 은 선물 ETN
1526,Q530002,17,0,삼성 인버스 China A50 선물 ETN(H)
1527,Q530014,17,0,삼성 China A50 선물 ETN(H)
1528,Q530015,17,0,삼성 미국 대형 성장주 ETN(H)
1529,Q530016,17,0,삼성 미국 대형 가치주 ETN(H)
1530,Q530019,17,0,삼성 미국 대형 성장주 ETN
1531,Q530020,17,0,삼성 미국 대형 가치주 ETN
1532,Q530023,17,0,삼성 레버리지 China A50 선물 ETN(H)
1533,Q530031,17,0,삼성 레버리지 WTI원유 선물 ETN
1534,Q530036,17,0,삼성 인버스 2X WTI원유 선물 ETN
1535,Q530053,17,0,삼성 코스피 풋매도 ETN
1536,Q530055,17,0,삼성 레버리지 금 선물 ETN(H)
1537,Q530056,17,0,삼성 인버스 2X 금 선물 ETN(H)
1538,Q530060,17,0,삼성 코스피 양매도 5% OTM ETN
1539,Q530061,17,0,삼성 레버리지 은 선물 ETN(H)
1540,Q530062,17,0,삼성 인버스 2X 은 선물 ETN(H)
1541,Q530063,17,0,삼성 레버리지 구리 선물 ETN(H)
1542,Q530064,17,0,삼성 인버스 2X 구리 선물 ETN(H)
1543,Q530066,17,0,삼성 코스피 풋매도 4% OTM ETN
1544,Q530067,17,0,삼성 KRX 금현물 ETN
1545,Q530068,17,0,삼성 레버리지 천연가스 선물 ETN B
1546,Q530069,17,0,삼성 인버스 2X 천연가스 선물 ETN B
1547,Q530070,17,0,삼성 레버리지 나스닥 100 ETN(H)
1548,Q530071,17,0,삼성 인버스 2X 나스닥 100 ETN(H)
1549,Q530072,17,0,삼성 S&P500 VIX S/T 선물 ETN(H) C
1550,Q530073,17,0,삼성 HSCEI ETN(H)
1551,Q530074,17,0,삼성 인버스 HSCEI ETN(H)
1552,Q530075,17,0,삼성 레버리지 HSCEI ETN(H)
1553,Q530076,17,0,삼성 인버스 2X HSCEI ETN(H)
1554,Q530077,17,0,삼성 나스닥 100 ETN(H)
1555,Q530078,17,0,삼성 인버스 나스닥 100 ETN(H)
1556,Q530079,17,0,삼성 항셍테크 ETN(H)
1557,Q530080,17,0,삼성 인버스 항셍테크 ETN(H)
1558,Q530081,17,0,삼성 레버리지 항셍테크 ETN(H)
1559,Q530082,17,0,삼성 인버스 2X 항셍테크 ETN(H)
1560,Q530083,17,0,삼성 금 선물 ETN(H)
1561,Q530084,17,0,삼성 인버스 금 선물 ETN(H)
1562,Q530085,17,0,삼성 KRX BBIG K-뉴딜 ETN
1563,Q530086,17,0,삼성 레버리지 KRX BBIG K-뉴딜 ETN
1564,Q530087,17,0,삼성 KRX 2차전지 K-뉴딜 ETN
1565,Q530088,17,0,삼성 레버리지 KRX 2차전지 K-뉴딜 ETN
1566,Q530089,17,0,삼성 은 선물 ETN(H)
1567,Q530090,17,0,삼성 인버스 은 선물 ETN(H)
1568,Q550041,17,0,QV 미국 IT TOP5 ETN(H)
1569,Q550042,17,0,QV 레버리지 WTI원유 선물 ETN(H)
1570,Q550043,17,0,QV 인버스 레버리지 WTI원유 선물 ETN(H)
1571,Q550044,17,0,QV 레버리지 S&P500 ETN
1572,Q550045,17,0,QV 인버스 레버리지 S&P500 ETN
1573,Q550057,17,0,QV 코스피 변동성 매칭형 양매도 ETN
1574,Q550059,17,0,QV iSelect 글로벌 EMP ETN(H)
1575,Q550060,17,0,QV S&P500 VIX S/T 선물 ETN C
1576,Q550061,17,0,QV 인버스 미국 IT TOP5 ETN(H)
1577,Q550062,17,0,QV 레버리지 금 선물 ETN(H)
1578,Q550063,17,0,QV 인버스 레버리지 금 선물 ETN(H)
1579,Q550064,17,0,QV 레버리지 은 선물 ETN(H)
1580,Q550065,17,0,QV 인버스 레버리지 은 선물 ETN(H)
1581,Q570019,17,0,TRUE 코스피 양매도 5% OTM ETN
1582,Q570020,17,0,TRUE 코스피 커버드콜 ETN B
1583,Q570021,17,0,TRUE 코스피 커버드풋 ETN B
1584,Q570022,17,0,TRUE 레버리지 S&P500 선물 ETN(H)
1585,Q570023,17,0,TRUE 인버스 2X S&P500 선물 ETN(H)
1586,Q570025,17,0,TRUE 인버스 유로스탁스50 ETN(H) B
1587,Q570027,17,0,TRUE 인버스 2X 유로스탁스50 ETN(H)
1588,Q570028,17,0,TRUE 인버스 HSCEI ETN(H) B
1589,Q570029,17,0,TRUE 코스피 양매도 3% OTM ETN
1590,Q570030,17,0,TRUE 코스피 양매도 ATM ETN
1591,Q570031,17,0,TRUE 레버리지 HSCEI ETN(H)
1592,Q570032,17,0,TRUE 인버스 2X HSCEI ETN(H)
1593,Q570034,17,0,TRUE 엔선물 ETN B
1594,Q570035,17,0,TRUE 레버리지 엔선물 ETN B
1595,Q570036,17,0,TRUE 인버스 엔선물 ETN B
1596,Q570037,17,0,TRUE 유로선물 ETN B
1597,Q570038,17,0,TRUE 인버스 유로선물 ETN B
1598,Q570042,17,0,TRUE 인버스 나스닥 100 ETN
1599,Q570043,17,0,TRUE 레버리지 나스닥 100 ETN
1600,Q570044,17,0,TRUE 인버스 2X 나스닥 100 ETN
1601,Q570045,17,0,TRUE 레버리지 천연가스 선물 ETN(H)
1602,Q570046,17,0,TRUE 인버스 2X 천연가스 선물 ETN(H)
1603,Q570047,17,0,TRUE FTSE100 ETN
1604,Q570048,17,0,TRUE 유로스탁스50 양매도 5% OTM ETN(H)
1605,Q570049,17,0,TRUE S&P500 양매도 4% OTM ETN(H)
1606,Q570050,17,0,TRUE S&P500 선물 ETN
1607,Q570051,17,0,TRUE 나스닥 100 ETN
1608,Q570052,17,0,TRUE 플래티넘 선물 ETN
1609,Q570053,17,0,TRUE 인버스 플래티넘 선물 ETN
1610,Q570054,17,0,TRUE 레버리지 유로스탁스50 ETN(H) B
1611,Q570055,17,0,TRUE 금 선물 ETN
1612,Q570056,17,0,TRUE 인버스 금 선물 ETN
1613,Q570057,17,0,TRUE 은 선물 ETN
1614,Q570058,17,0,TRUE 인버스 은 선물 ETN
1615,Q570059,17,0,TRUE 레버리지 금 선물 ETN
1616,Q570060,17,0,TRUE 인버스 2X 금 선물 ETN
1617,Q570061,17,0,TRUE 레버리지 은 선물 ETN
1618,Q570062,17,0,TRUE 인버스 2X 은 선물 ETN
1619,Q580010,17,0,KB Wise 분할매매 ETN
1620,Q580011,17,0,KB FnGuide 언택트 ETN
1621,Q580012,17,0,KB KRX300 ETN
1622,Q580013,17,0,KB KRX ESG Eco ETN
1623,Q580014,17,0,KB 인버스 2X 나스닥 100 ETN
1624,Q580015,17,0,KB 레버리지 나스닥 100 ETN
1625,Q580016,17,0,KB 레버리지 S&P 500 선물 ETN(H)
1626,Q580017,17,0,KB 인버스 2X S&P 500 선물 ETN
1627,Q580018,17,0,KB 레버리지 항셍테크 선물 ETN(H)
1628,Q580019,17,0,KB 인버스 2X 항셍테크 선물 ETN
1629,Q580020,17,0,KB 천연가스 선물 ETN(H)
1630,Q580021,17,0,KB 인버스 천연가스 선물 ETN
1631,Q580022,17,0,KB 레버리지 금 선물 ETN(H)
1632,Q580023,17,0,KB 인버스 2X 금 선물 ETN(H)
1633,Q580024,17,0,KB 레버리지 KRX BBIG K-뉴딜 ETN
1634,Q580025,17,0,KB 레버리지 KRX 2차전지 K-뉴딜 ETN
1635,Q580026,17,0,KB 레버리지 은 선물 ETN(H)
1636,Q580027,17,0,KB 인버스 2X 은 선물 ETN(H)
1637,Q590018,17,0,미래에셋 중국 심천 100 ETN
1638,Q610001,17,0,메리츠 인플레이션 국채 ETN
1639,Q610002,17,0,메리츠 레버리지 인플레이션 국채 ETN
1640,Q610003,17,0,메리츠 미국 인플레이션 국채 ETN(H)
1641,Q610004,17,0,메리츠 미국레버리지 인플레이션국채ETN(H)
1642,Q610005,17,0,메리츠 레버리지 KRX300 선물 ETN
1643,Q610006,17,0,메리츠 인버스 2X KRX300 선물 ETN
1644,Q610007,17,0,메리츠 국채30년 ETN
1645,Q610008,17,0,메리츠 레버리지 국채30년 ETN
1646,Q610009,17,0,메리츠 인버스 국채30년 ETN
1647,Q610010,17,0,메리츠 인버스 2X 국채30년 ETN
1648,Q610011,17,0,메리츠 금 선물 ETN(H)
1649,Q610012,17,0,메리츠 레버리지 금 선물 ETN(H)
1650,Q610013,17,0,메리츠 인버스 2X 금 선물 ETN(H)
1651,Q610014,17,0,메리츠 은 선물 ETN(H)
1652,Q610015,17,0,메리츠 인버스 은 선물 ETN(H)
1653,Q610016,17,0,메리츠 레버리지 은 선물 ETN(H)
1654,Q610017,17,0,메리츠 인버스 2X 은 선물 ETN(H)
1655,Q700001,17,0,하나 코스피 변동성추세 추종 양매도 ETN
1656,Q700002,17,0,하나 KRX300 ETN
1657,Q700003,17,0,하나 KRX BBIG K-뉴딜 ETN
1658,Q700004,17,0,하나 레버리지 KRX BBIG K-뉴딜 ETN
